{
  "author": "Cleep",
  "category": "SERVICE",
  "changelog": "## [1.1.2] - 2021-07-31\n\n### Fixed\n* Fix widget that wasn't displayed",
  "compat": "cleep<=0.0.29",
  "confidence": 9.8,
  "country": "fr",
  "deps": [],
  "description": "Gets house power consumption infos from Enedis electric power meter",
  "icon": "transmission-tower",
  "label": "Teleinfo",
  "longdescription": "This application reads data from Enedis Linky (or older compatible version) house                              power meter and make<br>possible to monitor your house power consumption usage and                              build charts on some useful indicators.",
  "price": null,
  "quality": 9.39,
  "tags": [
    "electricity",
    "power",
    "teleinfo",
    "enedis",
    "edf",
    "erdf",
    "engie"
  ],
  "urls": {
    "bugs": "https://github.com/tangb/cleepmod-teleinfo/issues",
    "help": "https://github.com/tangb/cleepmod-teleinfo/wiki",
    "info": "https://github.com/tangb/cleepmod-teleinfo",
    "site": "https://www.enedis.fr/"
  },
  "version": "1.1.2"
}
