{
  "author": "Cleep",
  "category": "MEDIA",
  "changelog": "## [1.0.0] - 2022-01-29\n### Added\n- First release",
  "compat": "cleep<=0.0.29",
  "confidence": 10,
  "country": null,
  "deps": [
    "audioplayer"
  ],
  "description": "Create your music playlist with device files",
  "icon": "folder-music-outline",
  "label": "Local music",
  "longdescription": "Create your playlist with music files uploaded to your devices",
  "price": null,
  "quality": 9.79,
  "tags": [
    "music",
    "playlist",
    "local"
  ],
  "urls": {
    "bugs": "https://github.com/tangb/cleepapp-localmusic/issues",
    "help": null,
    "info": "https://github.com/tangb/cleepapp-localmusic",
    "site": null
  },
  "version": "1.0.0"
}
