{
  "author": "Cleep",
  "category": "APPLICATION",
  "changelog": "## v1.1.0 - 2021-05-19 UNRELEASED\n\n* Do not send need restart event if no actions performed\n* Fix Dependencies installation of locally installed apps (for dev)\n* Introduce compat flag to handle core releases\n* Properly install/uninstall library modules",
  "compat": "cleep<=0.0.26",
  "confidence": 10,
  "country": null,
  "deps": [],
  "description": "Applications and Cleep updater",
  "icon": "update",
  "label": "Update",
  "longdescription": "Manage all Cleep applications and Cleep core updates.",
  "price": null,
  "quality": 9.57,
  "tags": [
    "update",
    "application",
    "module"
  ],
  "urls": {
    "bugs": "https://github.com/tangb/cleepmod-update/issues",
    "help": null,
    "info": "https://github.com/tangb/cleepmod-update",
    "site": null
  },
  "version": "1.1.0"
}
