{
  "author": "Cleep",
  "category": "APPLICATION",
  "changelog": "## [1.0.0] - 2022-01-15\n\n### Added\n- First release",
  "compat": "cleep<=0.0.29",
  "confidence": 8.1,
  "country": null,
  "deps": [],
  "description": "Build your own smart alarm clock",
  "icon": "alarm",
  "label": "Alarm clock",
  "longdescription": "Configure time to wake up everyday",
  "price": null,
  "quality": 9.79,
  "tags": [
    "wakeup",
    "music"
  ],
  "urls": {
    "bugs": "https://github.com/tangb/cleepapp-alarmclock/issues",
    "help": null,
    "info": "https://github.com/tangb/cleepapp-alarmclock",
    "site": null
  },
  "version": "1.0.0"
}
