{
  "author": "Cleep",
  "category": "APPLICATION",
  "changelog": "## [2.1.0] - 2024-09-30\n### Fixed\n- Fix documentation\n\n### Changed\n- Use TaskFactory\n\n### Updated\n- Use Cleep config components",
  "compat": "cleep<=0.1.0",
  "confidence": 9.2,
  "country": null,
  "deps": [],
  "description": "Configure how your device connect to your network",
  "icon": "ethernet",
  "label": "Network",
  "longdescription": "Application that helps you to configure device network connection",
  "price": null,
  "quality": 9.84,
  "tags": [
    "wireless",
    "wifi",
    "ethernet"
  ],
  "urls": {
    "bugs": "https://github.com/CleepDevice/cleepapp-network/issues",
    "help": "https://github.com/CleepDevice/cleepapp-network/wiki/Help",
    "info": "https://github.com/CleepDevice/cleepapp-network/wiki",
    "site": null
  },
  "version": "2.1.0"
}
