{
  "author": "Cleep",
  "category": "APPLICATION",
  "changelog": "## v2.0.4 - 2021-06-07\n\n* Backend: update formatters after core changes",
  "compat": "cleep<=0.0.27",
  "confidence": 10,
  "country": null,
  "deps": [],
  "description": "Configure generic parameters of your device",
  "icon": "tune-vertical",
  "label": "Parameters",
  "longdescription": "Application that helps you to configure generic parameters of your device",
  "price": null,
  "quality": 9.9,
  "tags": [
    "configuration",
    "date",
    "time",
    "locale",
    "lang"
  ],
  "urls": {
    "bugs": "https://github.com/tangb/cleepmod-parameters/issues",
    "help": null,
    "info": "https://github.com/tangb/cleepmod-parameters",
    "site": null
  },
  "version": "2.0.4"
}
