{
    "global": {
        "html": [
            "openweathermap.widget.html", 
            "openweathermapDialog.widget.html"
        ], 
        "css": [
            "weather-icons-wind.min.css", 
            "weather-icons.min.css"
        ], 
        "js": [
            "openweathermap.service.js", 
            "openweathermap.widget.js"
        ]
    }, 
    "config": {
        "html": [
            "openweathermap.config.html"
        ], 
        "js": [
            "openweathermap.config.js"
        ]
    }, 
    "icon": "cloud"
}
