{
  "author": "Cleep",
  "category": "APPLICATION",
  "changelog": "## v1.1.2 - 2021-06-08\n\n* Remove useless tools file (transient file to wait for cleep v0.0.27)",
  "compat": "cleep<=0.0.27",
  "confidence": 10,
  "country": null,
  "deps": [],
  "description": "Applications and Cleep updater",
  "icon": "update",
  "label": "Update",
  "longdescription": "Manage all Cleep applications and Cleep core updates.",
  "price": null,
  "quality": 9.87,
  "tags": [
    "update",
    "application",
    "module"
  ],
  "urls": {
    "bugs": "https://github.com/tangb/cleepmod-update/issues",
    "help": null,
    "info": "https://github.com/tangb/cleepmod-update",
    "site": null
  },
  "version": "1.1.2"
}
