{
  "author": "Cleep",
  "category": "APPLICATION",
  "changelog": "## [1.3.0] - 2023-02-12\n### Changed\n- Use new core AppsSources lib to handle multi apps sources",
  "compat": "cleep<=0.0.30",
  "confidence": 10,
  "country": null,
  "deps": [],
  "description": "Applications and Cleep updater",
  "icon": "update",
  "label": "Update",
  "longdescription": "Manage all Cleep applications and Cleep core updates.",
  "price": null,
  "quality": 9.76,
  "tags": [
    "update",
    "application",
    "module"
  ],
  "urls": {
    "bugs": "https://github.com/CleepDevice/cleepapp-update/issues",
    "help": null,
    "info": "https://github.com/CleepDevice/cleepapp-update",
    "site": null
  },
  "version": "1.3.0"
}
