{
  "author": "Cleep",
  "category": "SERVICE",
  "changelog": "## [1.2.2] - 2021-07-09\n\n### Fixed\n* Fix invalid apikey issue\n* Fix invalid app urls",
  "compat": "cleep<=0.0.28",
  "confidence": 10,
  "country": null,
  "deps": [],
  "description": "Gets weather conditions using OpenWeatherMap service",
  "icon": "cloud",
  "label": "Openweathermap",
  "longdescription": "This application gets data from OpenWeatherMap online service and displays it directly on your device dashboard.<br>OpenWeatherMap allows to get for free current weather condition and 5 days forecast.<br> This application also broadcasts weather event on all your devices.",
  "price": null,
  "quality": 9.74,
  "tags": [
    "weather",
    "forecast"
  ],
  "urls": {
    "bugs": "https://github.com/tangb/cleepapp-openweathermap/issues",
    "help": null,
    "info": "https://github.com/tangb/cleepapp-openweathermap",
    "site": "https://openweathermap.org/"
  },
  "version": "1.2.2"
}
