{
  "author": "Cleep",
  "category": "APPLICATION",
  "changelog": "## [1.4.0] - 2024-10-12\n### Fixed\n- Fix documentation\n\n### Changed\n- Migrate to Cleep components\n- Update after core changes (TaskFactory)",
  "compat": "cleep<=0.1.0",
  "confidence": 10,
  "country": null,
  "deps": [],
  "description": "Applications and Cleep updater",
  "icon": "update",
  "label": "Update",
  "longdescription": "Manage all Cleep applications and Cleep core updates.",
  "price": null,
  "quality": 9.74,
  "tags": [
    "update",
    "application",
    "module"
  ],
  "urls": {
    "bugs": "https://github.com/CleepDevice/cleepapp-update/issues",
    "help": null,
    "info": "https://github.com/CleepDevice/cleepapp-update",
    "site": null
  },
  "version": "1.4.0"
}
