{
  "author": "Cleep",
  "category": "APPLICATION",
  "changelog": "## v2.0.1 - 2021-04-12\n\n* Simplify function parameters checking\n* Fix tests\n* Improve code quality (lint)",
  "confidence": 7.3,
  "country": null,
  "deps": [],
  "description": "Helps controlling and monitoring the device",
  "icon": "heart-pulse",
  "label": "System",
  "longdescription": "Application that helps you to configure your system",
  "price": 0,
  "quality": 9.47,
  "tags": [
    "troubleshoot",
    "monitoring",
    "log",
    "rendering",
    "driver",
    "backup"
  ],
  "urls": {
    "bugs": "https://github.com/tangb/cleepmod-system/issues",
    "help": null,
    "info": "https://github.com/tangb/cleepmod-system",
    "site": null
  },
  "version": "2.0.1"
}
