{
  "author": "Cleep",
  "category": "APPLICATION",
  "changelog": "## v2.0.1 - 2021-04-12\n\n* Add postinst script\n* Fix tests\n* Improve code quality (lint)\n* Add missing function send_event_to_peer",
  "confidence": 10,
  "country": null,
  "deps": [],
  "description": "Enables communications between all your Cleep devices through your home network",
  "icon": "bus",
  "label": "Cleepbus",
  "longdescription": "Application that enables communication between devices",
  "price": 0,
  "quality": 8.47,
  "tags": [
    "bus",
    "communication"
  ],
  "urls": {
    "bugs": "https://github.com/tangb/cleepmod-cleepbus/issues",
    "help": null,
    "info": "https://github.com/tangb/cleepmod-cleepbus/",
    "site": null
  },
  "version": "2.0.1"
}
