{
  "author": "Cleep",
  "category": "MEDIA",
  "changelog": "## [1.2.0] - 2023-03-11\n\n### Fixed\n- When playback stopped on UI, player stays alive\n\n### Added\n- Add way to configure repeat/shuffle playlist options at player creation\n- Add function to start playback of specific playlist track",
  "compat": "cleep<=0.0.30",
  "confidence": 10,
  "country": null,
  "deps": [],
  "description": "Enjoy music playback",
  "icon": "music-circle",
  "label": "Audioplayer",
  "longdescription": "This application provides a common way to play audio media on your device.<br>Application features: <ul><li>Play most used audio formats (mp3, flac, ogg and aac)</li><li>Play local file and remote streams</li><li>Read audio metadata when available</li><li>Implement minimalist player playlist</li><li>Propagate significative player events</li></ul>",
  "price": null,
  "quality": 9.75,
  "tags": [
    "audio",
    "music",
    "playback",
    "player"
  ],
  "urls": {
    "bugs": "https://github.com/CleepDevice/cleepapp-audioplayer/issues",
    "help": null,
    "info": "https://github.com/CleepDevice/cleepapp-audioplayer",
    "site": null
  },
  "version": "1.2.0"
}
