{
  "author": "Cleep",
  "category": "MEDIA",
  "changelog": "## [1.0.0] - 2021-11-26\n\n### Added\n\n* First release",
  "compat": "cleep<=0.0.28",
  "confidence": 10,
  "country": null,
  "deps": [],
  "description": "Enjoy music playback",
  "icon": "music-circle",
  "label": "Audioplayer",
  "longdescription": "This application provides an common way to play audio media on your device.<br>Application features: <ul><li>Play most used audio formats (mp3, flac, ogg and aac)</li><li>Play local file and remote streams</li><li>Read audio metadata when available</li><li>Implement minimalist player playlist</li><li>Propagate significative player events</li></ul>",
  "price": null,
  "quality": 9.97,
  "tags": [],
  "urls": {
    "bugs": "https://github.com/tangb/cleepapp-audioplayer/issues",
    "help": null,
    "info": "https://github.com/tangb/cleepapp-audioplayer",
    "site": null
  },
  "version": "1.0.0"
}
