{
  "author": "Cleep",
  "category": "APPLICATION",
  "changelog": "## [2.1.1] - 2023-03-10\n\n### Fixed\n- Change log level from error to info when audio driver can't be loaded at startup (surely no hardware)\n- Move default sound files from core in brand new assets directory\n- #1386 error installing \"usb audio driver\" issue\n\n### Changed\n- Improve unit tests",
  "compat": "cleep<=0.0.30",
  "confidence": 10,
  "country": null,
  "deps": [],
  "description": "Configure audio on your device",
  "icon": "speaker",
  "label": "Audio",
  "longdescription": "Application that helps you to configure audio on your device",
  "price": null,
  "quality": 9.65,
  "tags": [
    "audio",
    "sound"
  ],
  "urls": {
    "bugs": "https://github.com/CleepDevice/cleepapp-audio/issues",
    "help": "https://github.com/CleepDevice/cleepapp-audio/wiki",
    "info": "https://github.com/CleepDevice/cleepapp-audio",
    "site": null
  },
  "version": "2.1.1"
}
