{
  "author": "Cleep",
  "category": "APPLICATION",
  "changelog": "## [1.1.2] - 2021-07-31\n\n### Fixed\n* Fix random issue due to nv-d3 library loading",
  "compat": "cleep<=0.0.29",
  "confidence": 10,
  "country": null,
  "deps": [],
  "description": "Follow easily your sensors values graphically.",
  "icon": "chart-areaspline",
  "label": "Charts",
  "longdescription": "Charts application automatically generates charts according to your connected sensors values.<br>It allows you to follow in time the evolution of the measurements of your sensors",
  "price": null,
  "quality": 8.82,
  "tags": [
    "sensors",
    "graphs",
    "charts",
    "database"
  ],
  "urls": {
    "bugs": "https://github.com/tangb/cleepmod-charts/issues",
    "help": "https://github.com/tangb/cleepmod-charts/wiki",
    "info": "https://github.com/tangb/cleepmod-charts",
    "site": null
  },
  "version": "1.1.2"
}
