{
  "author": "Cleep",
  "category": "APPLICATION",
  "changelog": "## [2.2.2] - 2023-02-10\n### Changed\n- Install provided pyzmq library instead of pypi one",
  "compat": "cleep<=0.0.29",
  "confidence": 9.9,
  "country": null,
  "deps": [],
  "description": "Enables communications between all your Cleep devices through your home network",
  "icon": "bus",
  "label": "Cleepbus",
  "longdescription": "Application that enables communication between devices",
  "price": null,
  "quality": 8.82,
  "tags": [
    "bus",
    "communication"
  ],
  "urls": {
    "bugs": "https://github.com/tangb/cleepmod-cleepbus/issues",
    "help": null,
    "info": "https://github.com/tangb/cleepmod-cleepbus/",
    "site": null
  },
  "version": "2.2.2"
}
