{
  "author": "Cleep",
  "category": "APPLICATION",
  "changelog": "## [2.1.1] - 2021-07-09\n### Changed\n* Peer log message changed from info to debug\n* Add message that was not sent when external bus is not available",
  "compat": "cleep<=0.0.28",
  "confidence": 9.9,
  "country": null,
  "deps": [],
  "description": "Enables communications between all your Cleep devices through your home network",
  "icon": "bus",
  "label": "Cleepbus",
  "longdescription": "Application that enables communication between devices",
  "price": null,
  "quality": 9.82,
  "tags": [
    "bus",
    "communication"
  ],
  "urls": {
    "bugs": "https://github.com/tangb/cleepmod-cleepbus/issues",
    "help": null,
    "info": "https://github.com/tangb/cleepmod-cleepbus/",
    "site": null
  },
  "version": "2.1.1"
}
