{
  "author": "Cleep",
  "category": "APPLICATION",
  "changelog": "## [2.2.0] - 2024-09-30\n\n### Fixed\n- Documentation\n\n### Updated\n- Use Cleep config components",
  "compat": "cleep<=0.1.0",
  "confidence": 9.5,
  "country": null,
  "deps": [],
  "description": "Configure audio on your device",
  "icon": "speaker",
  "label": "Audio",
  "longdescription": "Application that helps you to configure audio on your device",
  "price": null,
  "quality": 9.65,
  "tags": [
    "audio",
    "sound"
  ],
  "urls": {
    "bugs": "https://github.com/CleepDevice/cleepapp-audio/issues",
    "help": "https://github.com/CleepDevice/cleepapp-audio/wiki",
    "info": "https://github.com/CleepDevice/cleepapp-audio",
    "site": null
  },
  "version": "2.2.0"
}
