{
  "author": "Cleep",
  "category": "APPLICATION",
  "changelog": "## [1.1.0] - 2023-03-13\n### Added\n- Send unscheduled alarm event\n\n### Changed\n- Improve UI (add edit alarm)\n- Add options to configure repeat and shuffle playlist\n\n### Fixed\n- Fix issue when multiple alarms scheduled for today and tomorrow. Only one was scheduled\n- Fix issue during alarm scheduling",
  "compat": "cleep<=0.0.30",
  "confidence": 10,
  "country": null,
  "deps": [],
  "description": "Build your own smart alarm clock",
  "icon": "alarm",
  "label": "Alarm clock",
  "longdescription": "Configure time to wake up everyday",
  "price": null,
  "quality": 9.83,
  "tags": [
    "wakeup",
    "music"
  ],
  "urls": {
    "bugs": "https://github.com/CleepDevice/cleepapp-alarmclock/issues",
    "help": null,
    "info": "https://github.com/CleepDevice/cleepapp-alarmclock",
    "site": null
  },
  "version": "1.1.0"
}
