{
  "author": "Cleep",
  "category": "APPLICATION",
  "changelog": "## v2.0.3 - 2021-06-06\n\n* Fix tests after core changes",
  "compat": "cleep<=0.0.29",
  "confidence": 9.2,
  "country": null,
  "deps": [],
  "description": "Configure how your device connect to your network",
  "icon": "ethernet",
  "label": "Network",
  "longdescription": "Application that helps you to configure device network connection",
  "price": null,
  "quality": 8.99,
  "tags": [
    "wireless",
    "wifi",
    "ethernet"
  ],
  "urls": {
    "bugs": "https://github.com/tangb/cleepmod-network/issues",
    "help": "https://github.com/tangb/cleepmod-network/wiki/Help",
    "info": "https://github.com/tangb/cleepmod-network/wiki",
    "site": null
  },
  "version": "2.0.3"
}
