{
  "author": "Cleep",
  "category": "APPLICATION",
  "changelog": "## [2.1.2] - 2022-01-25\n### Fixed\n- Move system python dependencies from core\n\n### Added\n- Codemirror CSS from core moved to system app",
  "compat": "cleep<=0.0.29",
  "confidence": 7.5,
  "country": null,
  "deps": [],
  "description": "Helps controlling and monitoring the device",
  "icon": "heart-pulse",
  "label": "System",
  "longdescription": "Application that helps you to configure your system",
  "price": null,
  "quality": 9.46,
  "tags": [
    "troubleshoot",
    "monitoring",
    "log",
    "rendering",
    "driver",
    "backup"
  ],
  "urls": {
    "bugs": "https://github.com/tangb/cleepmod-system/issues",
    "help": null,
    "info": "https://github.com/tangb/cleepmod-system",
    "site": null
  },
  "version": "2.1.2"
}
