{
  "author": "Cleep",
  "category": "APPLICATION",
  "changelog": "## [2.3.0] - 2024-09-30\n### Fixed\n- Fix documentation\n\n### Changed\n- Move monitoring widget to desc.json file\n- Migrate drivers directive to config-drivers component\n- Add new config-code component\n- Update config to new Cleep components\n- Improve monitoring (show/hide widgets, disable tasks)\n- Use TaskFactory",
  "compat": "cleep<=0.1.0",
  "confidence": 7.4,
  "country": null,
  "deps": [],
  "description": "Helps controlling and monitoring the device",
  "icon": "heart-pulse",
  "label": "System",
  "longdescription": "Application that helps you to configure your system",
  "price": null,
  "quality": 9.7,
  "tags": [
    "troubleshoot",
    "monitoring",
    "log",
    "rendering",
    "driver",
    "backup"
  ],
  "urls": {
    "bugs": "https://github.com/CleepDevice/cleepapp-system/issues",
    "help": null,
    "info": "https://github.com/CleepDevice/cleepapp-system",
    "site": null
  },
  "version": "2.3.0"
}
