{
  "author": "Cleep",
  "category": "APPLICATION",
  "changelog": "## v2.0.2 - 2021-04-13\n\n* Fix build\n* Improve code quality",
  "confidence": 10,
  "country": null,
  "deps": [],
  "description": "Enables communications between all your Cleep devices through your home network",
  "icon": "bus",
  "label": "Cleepbus",
  "longdescription": "Application that enables communication between devices",
  "price": 0,
  "quality": 8.52,
  "tags": [
    "bus",
    "communication"
  ],
  "urls": {
    "bugs": "https://github.com/tangb/cleepmod-cleepbus/issues",
    "help": null,
    "info": "https://github.com/tangb/cleepmod-cleepbus/",
    "site": null
  },
  "version": "2.0.2"
}
