{
  "author": "Cleep",
  "category": "MEDIA",
  "changelog": "## [1.1.0] - 2023-03-13\n### Changed\n- Update storage path according to core changes\n- Add tabs to config page\n\n### Added\n- Keep last playback to restore it even if player destroyed\n- Properly handle alarm creating and destroying player\n- Add button to play playlist directly from app\n- Handle alarm snoozed",
  "compat": "cleep<=0.0.30",
  "confidence": 10,
  "country": null,
  "deps": [
    "audioplayer"
  ],
  "description": "Create your music playlist with device files",
  "icon": "folder-music-outline",
  "label": "Local music",
  "longdescription": "Create your playlist with music files uploaded to your devices",
  "price": null,
  "quality": 10,
  "tags": [
    "music",
    "playlist",
    "local"
  ],
  "urls": {
    "bugs": "https://github.com/CleepDevice/cleepapp-localmusic/issues",
    "help": null,
    "info": "https://github.com/CleepDevice/cleepapp-localmusic",
    "site": null
  },
  "version": "1.1.0"
}
