{
  "author": "Cleep",
  "category": "DRIVER",
  "changelog": "## [1.1.0] - 2023-03-13\n### Changed\n* Update on_render parameter names according to core\n* Do not display scrolling text. Limit text to 4 chars\n* Optimize hardware module loading\n\n### Fixed\n* Restore last brightness after restart (#1388)\n\n### Added\n* Set time at app startup (#1405)\n* Display alarm indicator (#1406)",
  "compat": "cleep<=0.0.30",
  "confidence": 9.3,
  "country": null,
  "deps": [],
  "description": "Four-letter pHAT display",
  "icon": "clock-digital",
  "label": "Fourletterdisplay",
  "longdescription": "This application installs all needed to use Four-letter pHAT from Piromoni.<br>It allows to display informations from your device (like weather temperature, CPU usage and more) through four letters.<br>Long text (more than 4 letters) will scroll automatically and displayed dots can be configured individually.<br>Brightness is also configurable with a night mode with a night mode",
  "price": null,
  "quality": 9.8,
  "tags": [
    "display",
    "pimoroni",
    "digits",
    "segments"
  ],
  "urls": {
    "bugs": "https://github.com/CleepDevice/cleepmod-teleinfo/issues",
    "help": "https://github.com/CleepDevice/cleepmod-teleinfo/wiki",
    "info": "https://github.com/CleepDevice/cleepmod-fourletterhat",
    "site": "https://shop.pimoroni.com/products/four-letter-phat"
  },
  "version": "1.1.0"
}
