{
  "author": "Cleep",
  "category": "APPLICATION",
  "changelog": "## v2.0.1 - 2021-04-10\n\n* Improve memory usage in network scan\n* Improve code quality (lint)",
  "confidence": 9.2,
  "country": null,
  "deps": [],
  "description": "Configure how your device connect to your network",
  "icon": "ethernet",
  "label": "Network",
  "longdescription": "Application that helps you to configure device network connection",
  "price": 0,
  "quality": 9.57,
  "tags": [
    "wireless",
    "wifi",
    "ethernet"
  ],
  "urls": {
    "bugs": "https://github.com/tangb/cleepmod-network/issues",
    "help": "https://github.com/tangb/cleepmod-network/wiki/Help",
    "info": "https://github.com/tangb/cleepmod-network/wiki",
    "site": null
  },
  "version": "2.0.1"
}
