{
  "author": "Cleep",
  "category": "APPLICATION",
  "changelog": "## [2.2.0] - 2023-03-09\n### Fixed\n- Led state is not properly restored after a reboot\n\n### Changed\n- Restore original activity led trigger mode to default mode (mmc0) when enabled again\n- Force option added to reboot and halt device functions",
  "compat": "cleep<=0.0.30",
  "confidence": 7.5,
  "country": null,
  "deps": [],
  "description": "Helps controlling and monitoring the device",
  "icon": "heart-pulse",
  "label": "System",
  "longdescription": "Application that helps you to configure your system",
  "price": null,
  "quality": 9.91,
  "tags": [
    "troubleshoot",
    "monitoring",
    "log",
    "rendering",
    "driver",
    "backup"
  ],
  "urls": {
    "bugs": "https://github.com/CleepDevice/cleepapp-system/issues",
    "help": null,
    "info": "https://github.com/CleepDevice/cleepapp-system",
    "site": null
  },
  "version": "2.2.0"
}
