{
  "author": "Cleep",
  "category": "APPLICATION",
  "changelog": "## [2.0.4] - 2023-03-12\n\n* Improve code quality (lint + black)",
  "compat": "cleep<=0.0.30",
  "confidence": 9.2,
  "country": null,
  "deps": [],
  "description": "Configure how your device connect to your network",
  "icon": "ethernet",
  "label": "Network",
  "longdescription": "Application that helps you to configure device network connection",
  "price": null,
  "quality": 9.84,
  "tags": [
    "wireless",
    "wifi",
    "ethernet"
  ],
  "urls": {
    "bugs": "https://github.com/CleepDevice/cleepapp-network/issues",
    "help": "https://github.com/CleepDevice/cleepapp-network/wiki/Help",
    "info": "https://github.com/CleepDevice/cleepapp-network/wiki",
    "site": null
  },
  "version": "2.0.4"
}
