{
  "author": "Cleep",
  "category": "APPLICATION",
  "changelog": "## v1.1.1 - 2021-05-24\n\n* Fix fatal issue during module update",
  "compat": "cleep<=0.0.26",
  "confidence": 10,
  "country": null,
  "deps": [],
  "description": "Applications and Cleep updater",
  "icon": "update",
  "label": "Update",
  "longdescription": "Manage all Cleep applications and Cleep core updates.",
  "price": null,
  "quality": 9.57,
  "tags": [
    "update",
    "application",
    "module"
  ],
  "urls": {
    "bugs": "https://github.com/tangb/cleepmod-update/issues",
    "help": null,
    "info": "https://github.com/tangb/cleepmod-update",
    "site": null
  },
  "version": "1.1.1"
}
