{
  "author": "Cleep",
  "category": "APPLICATION",
  "changelog": "## [1.2.0] - 2021-07-09 \n\n### Added\n* Add way to install module from zip package (useful for CI)\n\n### Fixed\n* Fix bug during uninstall: single package files wasn't uninstalled\n* Fix bug when restarting previous installation",
  "compat": "cleep<=0.0.27",
  "confidence": 10,
  "country": null,
  "deps": [],
  "description": "Applications and Cleep updater",
  "icon": "update",
  "label": "Update",
  "longdescription": "Manage all Cleep applications and Cleep core updates.",
  "price": null,
  "quality": 9.86,
  "tags": [
    "update",
    "application",
    "module"
  ],
  "urls": {
    "bugs": "https://github.com/tangb/cleepmod-update/issues",
    "help": null,
    "info": "https://github.com/tangb/cleepmod-update",
    "site": null
  },
  "version": "1.2.0"
}
