{
  "author": "Cleep",
  "category": "DRIVER",
  "changelog": "## v1.1.1 - 2021-05-16\n\n* Backend: migrate to python3\n* Backend: update after core changes\n* Backend: improve unit tests + fix small issues\n* Frontend: code update",
  "confidence": 9.8,
  "country": null,
  "deps": [],
  "description": "Configure your raspberry pins",
  "icon": "drag-horizontal",
  "label": "Gpios",
  "longdescription": "Gives you access to raspberry pins to configure your inputs/ouputs as you wish quickly and easily.",
  "price": null,
  "quality": 9.64,
  "tags": [
    "gpios",
    "inputs",
    "outputs"
  ],
  "urls": {
    "bugs": "https://github.com/tangb/cleepmod-gpios/issues",
    "help": "https://github.com/tangb/cleepmod-gpios/wiki",
    "info": "https://github.com/tangb/cleepmod-gpios",
    "site": null
  },
  "version": "1.1.1"
}
