{
  "author": "Cleep",
  "category": "APPLICATION",
  "changelog": "## v1.1.0 - 2021-05-24\n\n* Migration to python3\n* Update after core changes\n* Update after gpios changes\n* Improve code quality and confidence",
  "compat": "cleep<=0.0.29",
  "confidence": 9.9,
  "country": null,
  "deps": [
    "gpios"
  ],
  "description": "Implements easily and quickly sensors like temperature, motion, light...",
  "icon": "chip",
  "label": "Sensors",
  "longdescription": "With this module you will be able to follow environment temperature, detect some motion around your device, detect when light level is dim... and trigger some action according to those stimuli.",
  "price": null,
  "quality": 7.91,
  "tags": [
    "sensors",
    "temperature",
    "motion",
    "onewire",
    "1wire"
  ],
  "urls": {
    "bugs": "https://github.com/tangb/cleepmod-sensors/issues",
    "help": null,
    "info": "https://github.com/tangb/cleepmod-sensors",
    "site": null
  },
  "version": "1.1.0"
}
