{
  "author": "Cleep",
  "category": "SERVICE",
  "changelog": "## [2.0.0] - 2025-04-25\n\n### Changed\n\n- Migrate to Cleep",
  "compat": "cleep<=0.1.0",
  "confidence": 10,
  "country": null,
  "deps": [],
  "description": "Sends you alerts by email.",
  "icon": "email",
  "label": "Email",
  "longdescription": "This module allows your device to send alert by email and other events that occured and should be noticed by your device.<br>This module implements natively connectors to Google Gmail, Yahoo! mail and your own email server.",
  "price": 0,
  "quality": 9.53,
  "tags": [
    "email",
    "smtp",
    "alert"
  ],
  "urls": {
    "bugs": "https://github.com/tangb/cleepmod-email/issues",
    "help": "https://github.com/tangb/cleepmod-email/wiki",
    "info": "https://github.com/tangb/cleepmod-email",
    "site": null
  },
  "version": "2.0.0"
}
