{
  "author": "Cleep",
  "category": "MEDIA",
  "changelog": "## [1.2.0] - 2024-10-15\n### Fixed\n- Fix documentation\n- Fix default playlist when playlist renamed\n\n### Updated\n- Migrate to Cleep components\n- Add ways to move tracks in playlist",
  "compat": "cleep<=0.1.0",
  "confidence": 9.9,
  "country": null,
  "deps": [
    "audioplayer"
  ],
  "description": "Create your music playlist with device files",
  "icon": "folder-music-outline",
  "label": "Local music",
  "longdescription": "Create your playlist with music files uploaded to your devices",
  "price": null,
  "quality": 10,
  "tags": [
    "music",
    "playlist",
    "local"
  ],
  "urls": {
    "bugs": "https://github.com/CleepDevice/cleepapp-localmusic/issues",
    "help": null,
    "info": "https://github.com/CleepDevice/cleepapp-localmusic",
    "site": null
  },
  "version": "1.2.0"
}
