{
  "author": "Cleep",
  "category": "MEDIA",
  "changelog": "## [1.3.0] - 2024-10-14\n### Fixed\n- Fix documentation\n\n### Updated\n- Migrate to Cleep components",
  "compat": "cleep<=0.1.0",
  "confidence": 9.9,
  "country": null,
  "deps": [],
  "description": "Enjoy music playback",
  "icon": "music-circle",
  "label": "Audioplayer",
  "longdescription": "This application provides a common way to play audio media on your device.<br>Application features: <ul><li>Play most used audio formats (mp3, flac, ogg and aac)</li><li>Play local file and remote streams</li><li>Read audio metadata when available</li><li>Implement minimalist player playlist</li><li>Propagate significative player events</li></ul>",
  "price": null,
  "quality": 9.72,
  "tags": [
    "audio",
    "music",
    "playback",
    "player"
  ],
  "urls": {
    "bugs": "https://github.com/CleepDevice/cleepapp-audioplayer/issues",
    "help": null,
    "info": "https://github.com/CleepDevice/cleepapp-audioplayer",
    "site": null
  },
  "version": "1.3.0"
}
