{
  "author": "Cleep",
  "category": "APPLICATION",
  "changelog": "## v2.0.3 - 2021-04-28\n\n* Backend: fix issue updating localisation (times not timezoned)\n* Frontend: fix layout",
  "confidence": 9.6,
  "country": null,
  "deps": [],
  "description": "Configure generic parameters of your device",
  "icon": "tune-vertical",
  "label": "Parameters",
  "longdescription": "Application that helps you to configure generic parameters of your device",
  "price": 0,
  "quality": 9.59,
  "tags": [
    "configuration",
    "date",
    "time",
    "locale",
    "lang"
  ],
  "urls": {
    "bugs": "https://github.com/tangb/cleepmod-parameters/issues",
    "help": null,
    "info": "https://github.com/tangb/cleepmod-parameters",
    "site": null
  },
  "version": "2.0.3"
}
