{
  "author": "Cleep",
  "category": "APPLICATION",
  "changelog": "## [1.2.2] - 2022-01-31\n### Fixed\n- Fix compatibility check\n\n### Added\n- Check if applciation is already up to date before updating it",
  "compat": "cleep<=0.0.29",
  "confidence": 9.9,
  "country": null,
  "deps": [],
  "description": "Applications and Cleep updater",
  "icon": "update",
  "label": "Update",
  "longdescription": "Manage all Cleep applications and Cleep core updates.",
  "price": null,
  "quality": 8.85,
  "tags": [
    "update",
    "application",
    "module"
  ],
  "urls": {
    "bugs": "https://github.com/tangb/cleepmod-update/issues",
    "help": null,
    "info": "https://github.com/tangb/cleepmod-update",
    "site": null
  },
  "version": "1.2.2"
}
