{
  "author": "Cleep",
  "category": "APPLICATION",
  "changelog": "## [1.2.0] - 2024-01-12\n### Fixed\n- #1410 error with repeat alarm config field while not exists after update\n\n### Added\n- Clock widget is now in app desc file\n\n### Changed\n- Migrate to Cleep components\n\n### Removed\n- Angular clock widget",
  "compat": "cleep<=0.1.0",
  "confidence": 10,
  "country": null,
  "deps": [],
  "description": "Build your own smart alarm clock",
  "icon": "alarm",
  "label": "Alarm clock",
  "longdescription": "Configure time to wake up everyday",
  "price": null,
  "quality": 9.83,
  "tags": [
    "wakeup",
    "music"
  ],
  "urls": {
    "bugs": "https://github.com/CleepDevice/cleepapp-alarmclock/issues",
    "help": null,
    "info": "https://github.com/CleepDevice/cleepapp-alarmclock",
    "site": null
  },
  "version": "1.2.0"
}
