{
  "author": "Cleep",
  "category": "APPLICATION",
  "changelog": "## v2.0.2 - 2021-04-18\n\n* Update after core changes\n* Lint code\n* Fix tests",
  "confidence": 9.7,
  "country": null,
  "deps": [],
  "description": "Configure audio on your device",
  "icon": "speaker",
  "label": "Audio",
  "longdescription": "Application that helps you to configure audio on your device",
  "price": 0,
  "quality": 9.69,
  "tags": [
    "audio",
    "sound"
  ],
  "urls": {
    "bugs": "https://github.com/tangb/cleepmod-audio/issues",
    "help": "https://github.com/tangb/cleepmod-audio/wiki",
    "info": "https://github.com/tangb/cleepmod-audio",
    "site": null
  },
  "version": "2.0.2"
}
