{
  "author": "Cleep",
  "category": "SERVICE",
  "changelog": "## v1.1.0 - 2021-04-08\n\n* Migrate to python3\n* Fix after core changes\n* Add unit tests\n* Fix small issues",
  "confidence": 8.7,
  "country": "fr",
  "deps": [],
  "description": "Gets house power consumption infos from Enedis electric power meter",
  "icon": "transmission-tower",
  "label": "Cteleinfo",
  "longdescription": "This application reads data from Enedis Linky (or older compatible version) house                              power meter and make<br>possible to monitor your house power consumption usage and                              build charts on some useful indicators.",
  "price": null,
  "quality": 9.85,
  "tags": [
    "electricity",
    "power",
    "teleinfo",
    "enedis",
    "edf",
    "erdf",
    "engie"
  ],
  "urls": {
    "bugs": "https://github.com/tangb/cleepmod-teleinfo/issues",
    "help": "https://github.com/tangb/cleepmod-teleinfo/wiki",
    "info": "https://github.com/tangb/cleepmod-teleinfo",
    "site": "https://www.enedis.fr/"
  },
  "version": "1.1.0"
}
