{
  "author": "Cleep",
  "category": "APPLICATION",
  "changelog": "## v1.0.1 - 2021-04-11\n\n* Fix tests\n* Remove logging forced to TRACE",
  "confidence": 9.8,
  "country": null,
  "deps": [],
  "description": "Applications and Cleep updater",
  "icon": "update",
  "label": "Update",
  "longdescription": "Manage all Cleep applications and Cleep core updates.",
  "price": null,
  "quality": 9.52,
  "tags": [
    "update",
    "application",
    "module"
  ],
  "urls": {
    "bugs": "https://github.com/tangb/cleepmod-update/issues",
    "help": null,
    "info": "https://github.com/tangb/cleepmod-update",
    "site": null
  },
  "version": "1.0.1"
}
