{
  "author": "Cleep",
  "category": "APPLICATION",
  "changelog": "## v2.1.0 - 2021-06-03\n\n* Fix issue: peer ident not correctly saved\n* Do not execute process on unknown peer\n* Improve endpoint search reliability\n* Fix issue when receiving whisper message\n* Update pyzmq to 22.1.0 in postinst.sh to match with cleep 0.0.27",
  "compat": "cleep<=0.0.27",
  "confidence": 9.9,
  "country": null,
  "deps": [],
  "description": "Enables communications between all your Cleep devices through your home network",
  "icon": "bus",
  "label": "Cleepbus",
  "longdescription": "Application that enables communication between devices",
  "price": null,
  "quality": 9.85,
  "tags": [
    "bus",
    "communication"
  ],
  "urls": {
    "bugs": "https://github.com/tangb/cleepmod-cleepbus/issues",
    "help": null,
    "info": "https://github.com/tangb/cleepmod-cleepbus/",
    "site": null
  },
  "version": "2.1.0"
}
