{
  "author": "Cleep",
  "category": "APPLICATION",
  "changelog": "## [1.2.1] - 2022-01-30\n### Added\n- Add option to check compatibility",
  "compat": "cleep<=0.0.29",
  "confidence": 10,
  "country": null,
  "deps": [],
  "description": "Applications and Cleep updater",
  "icon": "update",
  "label": "Update",
  "longdescription": "Manage all Cleep applications and Cleep core updates.",
  "price": null,
  "quality": 8.84,
  "tags": [
    "update",
    "application",
    "module"
  ],
  "urls": {
    "bugs": "https://github.com/tangb/cleepmod-update/issues",
    "help": null,
    "info": "https://github.com/tangb/cleepmod-update",
    "site": null
  },
  "version": "1.2.1"
}
