{
  "author": "Cleep",
  "category": "APPLICATION",
  "changelog": "## [2.1.0] - 2022-01-16\n\n### Changed\n- Update app and bcm driver after core changes on audiodriver\n- Improvement to avoid app crash while loading invalid driver\n- Restart Cleep after new audio device has been selected (this allow reset Gstreamer context)\n- Improve code coverage\n\n### Added\n* Add USB driver to handle USB audio hardware",
  "compat": "cleep<=0.0.29",
  "confidence": 9.7,
  "country": null,
  "deps": [],
  "description": "Configure audio on your device",
  "icon": "speaker",
  "label": "Audio",
  "longdescription": "Application that helps you to configure audio on your device",
  "price": null,
  "quality": 9.84,
  "tags": [
    "audio",
    "sound"
  ],
  "urls": {
    "bugs": "https://github.com/tangb/cleepmod-audio/issues",
    "help": "https://github.com/tangb/cleepmod-audio/wiki",
    "info": "https://github.com/tangb/cleepmod-audio",
    "site": null
  },
  "version": "2.1.0"
}
