{
  "author": "Cleep",
  "category": "APPLICATION",
  "changelog": "## [3.1.0] - 2023-03-14\n\n### Fixed\n- Handle command failure (return code different from 0)\n- Reset analyze error flag when running new analysis\n- Improve code quality (black+lint)\n\n### Changed\n- Improve app creation: temporarily disable cleep-cli watch and add infos dialog\n- Add some log messages",
  "compat": "cleep<=0.0.30",
  "confidence": 10,
  "country": null,
  "deps": [],
  "description": "Helps you to develop Cleep applications.",
  "icon": "account-hard-hat",
  "label": "Developer",
  "longdescription": "Developer module helps you to develop on Cleep installing         and preconfiguring sync tools. It also provides a full page that helps you to         check and build your own application.<br/>This module will provide the official way to         publish your module on Cleep market.<br/><br/>Lot of resources are available         on developer module wiki, have a look and start enjoying Cleep!",
  "price": null,
  "quality": 9.96,
  "tags": [
    "developer",
    "python",
    "cleepos",
    "module",
    "angularjs",
    "cleep",
    "cli",
    "test",
    "documentation"
  ],
  "urls": {
    "bugs": "https://github.com/CleepDevice/cleepmod-developer/issues",
    "help": "https://github.com/CleepDevice/cleepmod-developer/wiki",
    "info": "https://github.com/CleepDevice/cleepmod-developer",
    "site": null
  },
  "version": "3.1.0"
}
