{
  "author": "Cleep",
  "category": "APPLICATION",
  "changelog": "## [2.3.0] - 2024-09-30\n### Added\n- Handle secured access (aka auth)\n\n### Changed\n- Use TaskFactory\n\n### Fixed\n- Fix documentation\n- Fix numpy install\n\n### Updated\n- Use cleep config components",
  "compat": "cleep<=0.1.0",
  "confidence": 9.7,
  "country": null,
  "deps": [],
  "description": "Configure generic parameters of your device",
  "icon": "tune-vertical",
  "label": "Parameters",
  "longdescription": "Application that helps you to configure generic parameters of your device",
  "price": null,
  "quality": 9.81,
  "tags": [
    "configuration",
    "date",
    "time",
    "locale",
    "lang",
    "auth",
    "security"
  ],
  "urls": {
    "bugs": "https://github.com/CleepDevice/cleepapp-parameters/issues",
    "help": null,
    "info": "https://github.com/CleepDevice/cleepapp-parameters",
    "site": null
  },
  "version": "2.3.0"
}
