{
    "author": "Cleep",
    "category": "DRIVER",
    "changelog": "## [1.0.0] - 01-19-2021\n\n* First release",
    "confidence": 0.0,
    "country": null,
    "deps": [],
    "description": "Four-letter pHAT display",
    "icon": "clock-digital",
    "label": "Fourletterdisplay",
    "longdescription": "This application installs all needed to use Four-letter pHAT from Piromoni.<br>It allows to display informations from your device (like weather temperature, CPU usage and more) through four letters.<br>Long text (more than 4 letters) will scroll automatically and displayed dots can be configured individually.<br>Brightness is also configurable with a night mode with a night mode",
    "price": null,
    "quality": 9.41,
    "tags": [
        "display",
        "pimoroni",
        "digits",
        "segments"
    ],
    "urls": {
        "bugs": "https://github.com/tangb/cleepmod-teleinfo/issues",
        "help": "https://github.com/tangb/cleepmod-teleinfo/wiki",
        "info": "https://github.com/tangb/cleepmod-fourletterhat",
        "site": "https://shop.pimoroni.com/products/four-letter-phat"
    },
    "version": "1.0.0"
}