{
  "author": "Cleep",
  "category": "MEDIA",
  "changelog": "## [1.1.0] - 2022-01-14\n\n### Added\n\n* Create player silently (do not start music fater player created)\n* Add shuffle playlist option after playlist repeated\n* Improve command parameters checking\n* Add force_play and force_pause to pause_playback command to force player state\n* Add volume parameter to pause_playback to change player volume at once\n* Update event returns internal state instead of Gst state\n\n### Fixed\n\n* Fix issue checking parameters of add_tracks command",
  "compat": "cleep<=0.0.28",
  "confidence": 10,
  "country": null,
  "deps": [],
  "description": "Enjoy music playback",
  "icon": "music-circle",
  "label": "Audioplayer",
  "longdescription": "This application provides an common way to play audio media on your device.<br>Application features: <ul><li>Play most used audio formats (mp3, flac, ogg and aac)</li><li>Play local file and remote streams</li><li>Read audio metadata when available</li><li>Implement minimalist player playlist</li><li>Propagate significative player events</li></ul>",
  "price": null,
  "quality": 9.87,
  "tags": [
    "audio",
    "music",
    "playback",
    "player"
  ],
  "urls": {
    "bugs": "https://github.com/tangb/cleepapp-audioplayer/issues",
    "help": null,
    "info": "https://github.com/tangb/cleepapp-audioplayer",
    "site": null
  },
  "version": "1.1.0"
}
