{
  "author": "Cleep",
  "category": "SERVICE",
  "changelog": "## v1.2.0 - 2021-06-10\n\n* Migrate to python3\n* Fix small issues\n* Improve code quality\n* Improve code confidence",
  "compat": "cleep<=0.0.27",
  "confidence": 10,
  "country": null,
  "deps": [],
  "description": "Gets weather conditions using OpenWeatherMap service",
  "icon": "cloud",
  "label": "Openweathermap",
  "longdescription": "This application gets data from OpenWeatherMap online service and displays it directly on your device dashboard.<br>OpenWeatherMap allows to get for free current weather condition and 5 days forecast.<br> This application also broadcasts weather event on all your devices.",
  "price": null,
  "quality": 9.74,
  "tags": [
    "weather",
    "forecast"
  ],
  "urls": {
    "bugs": "https://github.com/tangb/cleepadd-openweathermap/issues",
    "help": "https://github.com/tangb/cleepadd-openweathermap/wiki",
    "info": "https://github.com/tangb/cleepadd-openweathermap",
    "site": "https://openweathermap.org/"
  },
  "version": "1.2.0"
}
