{
    "icon": "heart-pulse",
    "global": {
        "js": ["system.service.js", "config-drivers.component.js", "config-code.component.js", "codemirror/codemirror-cleeplog.js"],
        "css": ["config-code.component.css", "codemirror/codemirror-cleeplog.css"]
    },
    "config": {
        "js": ["system.config.js"],
        "html": ["system.config.html"]
    },
    "widgets": {
        "monitor": {
            "content": "<span class=\"md-display-1\">{{ device.uptime.uptimehr }}</span>",
            "footer": [
                {
                    "icon": "gauge",
                    "tooltip": "CPU usage",
                    "attr": "cpu.system",
                    "unit": "%"
                },
                {
                    "icon": "memory",
                    "tooltip": "Memory available",
                    "attr": "memory.availablehr"
                }
            ]
        },
        "monitorcpu": {
            "content": "<span class=\"md-display-1\">{{ device.system || 0 }}%</span>",
            "footer": [
                {
                    "type": "chart",
                    "options": {
                        "type" : "line",
                        "label": "%",
                        "height": 200,
                        "format": {
                            "func": "round"
                        },
                        "title": "CPU usage",
                        "controls": false
                    }
                }
            ]
        },
        "monitormemory": {
            "content": "<span class=\"md-display-1\">{{ device.availablehr || 0 }}</span>",
            "footer": [
                {
                    "type": "chart",
                    "options": {
                        "type" : "line",
                        "label": "Mo",
                        "height": 200,
                        "format": {
                            "func": "round",
                            "eval": "value / (1024*1024)"
                        },
                        "title": "Memory usage",
                        "controls": false
                    }
                }
            ]
        }
    }
}
