{
  "author": "Cleep",
  "category": "SERVICE",
  "changelog": "## [1.3.0] - 2024-10-23\n### Changed\n- Migrate to Cleep components\n- Use task_factory",
  "compat": "cleep<=0.1.0",
  "confidence": 9.8,
  "country": null,
  "deps": [],
  "description": "Gets weather conditions using OpenWeatherMap service",
  "icon": "cloud",
  "label": "Openweathermap",
  "longdescription": "This application gets data from OpenWeatherMap online service and displays it directly on your device dashboard.<br>OpenWeatherMap allows to get for free current weather condition and 5 days forecast.<br> This application also broadcasts weather event on all your devices.",
  "price": null,
  "quality": 9.39,
  "tags": [
    "weather",
    "forecast"
  ],
  "urls": {
    "bugs": "https://github.com/CleepDevice/cleepapp-openweathermap/issues",
    "help": null,
    "info": "https://github.com/CleepDevice/cleepapp-openweathermap",
    "site": "https://openweathermap.org/"
  },
  "version": "1.3.0"
}
