{
  "author": "Cleep",
  "category": "APPLICATION",
  "changelog": "## [2.2.0] - 2023-03-10\n### Changed\n- Clean code\n- Update code after core changes (profiles)\n\n### Added\n- Add function to return current time data",
  "compat": "cleep<=0.0.30",
  "confidence": 9.9,
  "country": null,
  "deps": [],
  "description": "Configure generic parameters of your device",
  "icon": "tune-vertical",
  "label": "Parameters",
  "longdescription": "Application that helps you to configure generic parameters of your device",
  "price": null,
  "quality": 9.91,
  "tags": [
    "configuration",
    "date",
    "time",
    "locale",
    "lang"
  ],
  "urls": {
    "bugs": "https://github.com/CleepDevice/cleepapp-parameters/issues",
    "help": null,
    "info": "https://github.com/CleepDevice/cleepapp-parameters",
    "site": null
  },
  "version": "2.2.0"
}
