{
  "author": "Cleep",
  "category": "DRIVER",
  "changelog": "## [1.2.1] - 2024-11-21\n\n### Fixed\n- Fix status turning on/off output\n- Fix odd/even pins on gpios ui component that was inversed",
  "compat": "cleep<=0.1.0",
  "confidence": 9.9,
  "country": null,
  "deps": [],
  "description": "Configure your raspberry pins",
  "icon": "drag-horizontal",
  "label": "Gpios",
  "longdescription": "Gives you access to raspberry pins to configure your inputs/ouputs as you wish quickly and easily.",
  "price": null,
  "quality": 8.57,
  "tags": [
    "gpios",
    "inputs",
    "outputs"
  ],
  "urls": {
    "bugs": "https://github.com/tangb/cleepmod-gpios/issues",
    "help": "https://github.com/tangb/cleepmod-gpios/wiki",
    "info": "https://github.com/tangb/cleepmod-gpios",
    "site": null
  },
  "version": "1.2.1"
}
