{
  "author": "Cleep",
  "category": "APPLICATION",
  "changelog": "## [2.3.1] - 2024-11-01\n\n### Changed\n- Update pyre-gevent lib to 0.3.1",
  "compat": "cleep<=0.1.0",
  "confidence": 9.8,
  "country": null,
  "deps": [],
  "description": "Enables communications between all your Cleep devices through your home network",
  "icon": "bus",
  "label": "Cleepbus",
  "longdescription": "Application that enables communication between devices",
  "price": null,
  "quality": 9.83,
  "tags": [
    "bus",
    "communication"
  ],
  "urls": {
    "bugs": "https://github.com/CleepDevice/cleepapp-cleepbus/issues",
    "help": null,
    "info": "https://github.com/CleepDevice/cleepapp-cleepbus/",
    "site": null
  },
  "version": "2.3.1"
}
