{
  "author": "Cleep",
  "category": "APPLICATION",
  "changelog": "## [2.2.4] - 2023-03-12\n### Changed\n- Improve code quality (lint+black)",
  "compat": "cleep<=0.0.30",
  "confidence": 9.9,
  "country": null,
  "deps": [],
  "description": "Enables communications between all your Cleep devices through your home network",
  "icon": "bus",
  "label": "Cleepbus",
  "longdescription": "Application that enables communication between devices",
  "price": null,
  "quality": 9.7,
  "tags": [
    "bus",
    "communication"
  ],
  "urls": {
    "bugs": "https://github.com/CleepDevice/cleepapp-cleepbus/issues",
    "help": null,
    "info": "https://github.com/CleepDevice/cleepapp-cleepbus/",
    "site": null
  },
  "version": "2.2.4"
}
