{
  "author": "Cleep",
  "category": "SERVICE",
  "changelog": "## [1.0.1] - 2024-11-22\n\n## Updated\n- ngrok binary (v3.18.0)\n- Fix and improve service handling",
  "compat": "cleep<=0.1.0",
  "confidence": 9.7,
  "country": null,
  "deps": [],
  "description": "Ngrok service connector",
  "icon": "arrow-decision",
  "label": "Ngrok",
  "longdescription": "Allow your device to be accessible outside from your local network",
  "price": null,
  "quality": 9.53,
  "tags": [
    "outside",
    "external",
    "remote"
  ],
  "urls": {
    "bugs": "https://github.com/CleepDevice/cleepapp-ngrok/issues",
    "help": "https://github.com/CleepDevice/cleepapp-ngrok/wiki",
    "info": "https://ngrok.com/",
    "site": "https://github.com/CleepDevice/cleepapp-ngrok"
  },
  "version": "1.0.1"
}
