{
  "author": "Cleep",
  "category": "DRIVER",
  "changelog": "## [1.1.3] - 2021-07-31\n\n### Changed\n* Frontend service doesn't have to catch update events",
  "compat": "cleep<=0.0.29",
  "confidence": 10,
  "country": null,
  "deps": [],
  "description": "Configure your raspberry pins",
  "icon": "drag-horizontal",
  "label": "Gpios",
  "longdescription": "Gives you access to raspberry pins to configure your inputs/ouputs as you wish quickly and easily.",
  "price": null,
  "quality": 8.57,
  "tags": [
    "gpios",
    "inputs",
    "outputs"
  ],
  "urls": {
    "bugs": "https://github.com/tangb/cleepmod-gpios/issues",
    "help": "https://github.com/tangb/cleepmod-gpios/wiki",
    "info": "https://github.com/tangb/cleepmod-gpios",
    "site": null
  },
  "version": "1.1.3"
}
