{
  "author": "Cleep",
  "category": "APPLICATION",
  "changelog": "## [2.1.1] - 2021-07-27\n\n### Fixed\n* Fix LED tweak on raspi zero and oldest raspi (first version)",
  "compat": "cleep<=0.0.27",
  "confidence": 7.5,
  "country": null,
  "deps": [],
  "description": "Helps controlling and monitoring the device",
  "icon": "heart-pulse",
  "label": "System",
  "longdescription": "Application that helps you to configure your system",
  "price": null,
  "quality": 9.78,
  "tags": [
    "troubleshoot",
    "monitoring",
    "log",
    "rendering",
    "driver",
    "backup"
  ],
  "urls": {
    "bugs": "https://github.com/tangb/cleepmod-system/issues",
    "help": null,
    "info": "https://github.com/tangb/cleepmod-system",
    "site": null
  },
  "version": "2.1.1"
}
