{
  "author": "Cleep",
  "category": "APPLICATION",
  "changelog": "## v2.0.4 - 2021-06-02\n\n* Update driver stuff after core changes",
  "compat": "cleep<=0.0.27",
  "confidence": 9.5,
  "country": null,
  "deps": [],
  "description": "Configure audio on your device",
  "icon": "speaker",
  "label": "Audio",
  "longdescription": "Application that helps you to configure audio on your device",
  "price": null,
  "quality": 9.56,
  "tags": [
    "audio",
    "sound"
  ],
  "urls": {
    "bugs": "https://github.com/tangb/cleepmod-audio/issues",
    "help": "https://github.com/tangb/cleepmod-audio/wiki",
    "info": "https://github.com/tangb/cleepmod-audio",
    "site": null
  },
  "version": "2.0.4"
}
