{
  "author": "Cleep",
  "category": "APPLICATION",
  "changelog": "## v1.0.2 - 2021-05-04\n\n* Frontend: fix typo\n* Frontend: fix small layout issue\n* Backend: fix final process status that was not properly sent\n* Improve code quality and confidence",
  "confidence": 9.5,
  "country": null,
  "deps": [],
  "description": "Applications and Cleep updater",
  "icon": "update",
  "label": "Update",
  "longdescription": "Manage all Cleep applications and Cleep core updates.",
  "price": null,
  "quality": 9.68,
  "tags": [
    "update",
    "application",
    "module"
  ],
  "urls": {
    "bugs": "https://github.com/tangb/cleepmod-update/issues",
    "help": null,
    "info": "https://github.com/tangb/cleepmod-update",
    "site": null
  },
  "version": "1.0.2"
}
