{
  "author": "Cleep",
  "category": "DRIVER",
  "changelog": "## [1.2.0] - 2024-10-15\n### Fixed\n- Fix documentation\n\n### Updated\n- Use new config components from Cleep core",
  "compat": "cleep<=0.1.0",
  "confidence": 9.2,
  "country": null,
  "deps": [],
  "description": "Four-letter pHAT display",
  "icon": "clock-digital",
  "label": "Fourletterdisplay",
  "longdescription": "This application installs all needed to use Four-letter pHAT from Piromoni.<br>It allows to display informations from your device (like weather temperature, CPU usage and more) through four letters.<br>Long text (more than 4 letters) will scroll automatically and displayed dots can be configured individually.<br>Brightness is also configurable with a night mode with a night mode",
  "price": null,
  "quality": 9.8,
  "tags": [
    "display",
    "pimoroni",
    "digits",
    "segments"
  ],
  "urls": {
    "bugs": "https://github.com/CleepDevice/cleepmod-teleinfo/issues",
    "help": "https://github.com/CleepDevice/cleepmod-teleinfo/wiki",
    "info": "https://github.com/CleepDevice/cleepmod-fourletterhat",
    "site": "https://shop.pimoroni.com/products/four-letter-phat"
  },
  "version": "1.2.0"
}
