{
  "author": "Cleep",
  "category": "DRIVER",
  "changelog": "## v1.1.2 - 2021-06-08\n\n* Fix issue at startup with gpio configured\n* Improve command parameters check",
  "compat": "cleep<=0.0.27",
  "confidence": 10,
  "country": null,
  "deps": [],
  "description": "Configure your raspberry pins",
  "icon": "drag-horizontal",
  "label": "Gpios",
  "longdescription": "Gives you access to raspberry pins to configure your inputs/ouputs as you wish quickly and easily.",
  "price": null,
  "quality": 9.73,
  "tags": [
    "gpios",
    "inputs",
    "outputs"
  ],
  "urls": {
    "bugs": "https://github.com/tangb/cleepmod-gpios/issues",
    "help": "https://github.com/tangb/cleepmod-gpios/wiki",
    "info": "https://github.com/tangb/cleepmod-gpios",
    "site": null
  },
  "version": "1.1.2"
}
