{
  "author": "Cleep",
  "category": "APPLICATION",
  "changelog": "## v1.0.3 - 2021-05-11\n\n* Backend: send need restart event after install/unsinstall/update\n* Backend: add improvement to send end of process when really terminated\n* Frontend: improve UI layout\n* Frontend: fix cleep update displayed info after refresh",
  "confidence": 9.5,
  "country": null,
  "deps": [],
  "description": "Applications and Cleep updater",
  "icon": "update",
  "label": "Update",
  "longdescription": "Manage all Cleep applications and Cleep core updates.",
  "price": null,
  "quality": 9.68,
  "tags": [
    "update",
    "application",
    "module"
  ],
  "urls": {
    "bugs": "https://github.com/tangb/cleepmod-update/issues",
    "help": null,
    "info": "https://github.com/tangb/cleepmod-update",
    "site": null
  },
  "version": "1.0.3"
}
