{
  "author": "Cleep",
  "category": "APPLICATION",
  "changelog": "## [1.2.0] - 2024-10-15\n### Changed\n- Update after core changes (on_event)\n- Move directives to angular components\n\n### Fixed\n- Fix issue in line data generation",
  "compat": "cleep<=0.1.0",
  "confidence": 9.9,
  "country": null,
  "deps": [],
  "description": "Follow easily your sensors values graphically.",
  "icon": "chart-areaspline",
  "label": "Charts",
  "longdescription": "Charts application automatically generates charts according to your connected sensors values.<br>It allows you to follow in time the evolution of the measurements of your sensors",
  "price": null,
  "quality": 9.78,
  "tags": [
    "sensors",
    "graphs",
    "charts",
    "database"
  ],
  "urls": {
    "bugs": "https://github.com/CleepDevice/cleepapp-charts/issues",
    "help": "https://github.com/CleepDevice/cleepapp-charts/wiki",
    "info": "https://github.com/CleepDevice/cleepapp-charts",
    "site": null
  },
  "version": "1.2.0"
}
