{
  "author": "Cleep",
  "category": "APPLICATION",
  "changelog": "## v1.1.0 - 2021-05-13\n\n* Backend: migrate to python3\n* Backend: update after core changes\n* Backend: average automatically to reduce amount of returned data. Can be disabled\n* Tests: Improve unit tests",
  "confidence": 10,
  "country": null,
  "deps": [],
  "description": "Follow easily your sensors values graphically.",
  "icon": "chart-areaspline",
  "label": "Charts",
  "longdescription": "Charts application automatically generates charts according to your connected sensors values.<br>It allows you to follow in time the evolution of the measurements of your sensors",
  "price": null,
  "quality": 9.77,
  "tags": [
    "sensors",
    "graphs",
    "charts",
    "database"
  ],
  "urls": {
    "bugs": "https://github.com/tangb/cleepmod-charts/issues",
    "help": "https://github.com/tangb/cleepmod-charts/wiki",
    "info": "https://github.com/tangb/cleepmod-charts",
    "site": null
  },
  "version": "1.1.0"
}
