{
  "author": "Cleep",
  "category": "HOMEAUTOMATION",
  "changelog": "## [1.0.0] - 2024-01-11\n### Added\n- First release",
  "compat": "cleep<=0.1.0",
  "confidence": 10,
  "country": "FR",
  "deps": [
    "gpios"
  ],
  "description": "Control your home heaters using french fil-pilote way",
  "icon": "radiator",
  "label": "Fil-pilote",
  "longdescription": "TODO",
  "price": null,
  "quality": 9.91,
  "tags": [
    "heater",
    "pilote",
    "fil",
    "chauffage"
  ],
  "urls": {
    "bugs": "https://github.com/CleepDevice/cleepapp-filpilote/issues",
    "help": "https://github.com/CleepDevice/cleepapp-filpilote/wiki",
    "info": "https://github.com/CleepDevice/cleepapp-filpilote",
    "site": "https://fr.wikipedia.org/wiki/Chauffage_%C3%A9lectrique#Fil_pilote"
  },
  "version": "1.0.0"
}
