{
    "author": "Cleep",
    "category": "SERVICE",
    "changelog": "## [1.0.0] - 2024-10-23\n### Added\n- First release",
    "confidence": 0.0,
    "country": null,
    "deps": [],
    "description": "Ngrok service connector",
    "icon": "arrow-decision",
    "label": "Ngrok",
    "longdescription": "Allow your device to be accessible outside from your local network",
    "price": null,
    "quality": 9.43,
    "tags": [
        "outside",
        "external",
        "remote"
    ],
    "urls": {
        "bugs": "https://github.com/CleepDevice/cleepapp-ngrok/issues",
        "help": "https://github.com/CleepDevice/cleepapp-ngrok/wiki",
        "info": "https://ngrok.com/",
        "site": "https://github.com/CleepDevice/cleepapp-ngrok"
    },
    "version": "1.0.0"
}