{
  "author": "Cleep",
  "category": "APPLICATION",
  "changelog": "## [2.1.1] - 2022-02-01\n### Fixed\n- Fix bug detected after new year\n- Fix unit test issue with time lib mock\n- Format files with black",
  "compat": "cleep<=0.0.29",
  "confidence": 10,
  "country": null,
  "deps": [],
  "description": "Configure generic parameters of your device",
  "icon": "tune-vertical",
  "label": "Parameters",
  "longdescription": "Application that helps you to configure generic parameters of your device",
  "price": null,
  "quality": 9.36,
  "tags": [
    "configuration",
    "date",
    "time",
    "locale",
    "lang"
  ],
  "urls": {
    "bugs": "https://github.com/tangb/cleepmod-parameters/issues",
    "help": null,
    "info": "https://github.com/tangb/cleepmod-parameters",
    "site": null
  },
  "version": "2.1.1"
}
